ページタイトル,URL
GitHubProfileのページを可能な限りキラキラさせる方法,https://zenn.dev/yutakatay/articles/kirakira-github-profile
4ステップでGithubからZennに記事を公開してみる(トラブルシューティング付き),https://zenn.dev/ohbashunsuke/articles/20200917001-deploy-with-github
【初心者向け】gitの説明,https://zenn.dev/alex/articles/1a0baa652954bfdbe4f6
Github Actions で他のリポジトリからの変更通知を受け取ってPRを作成する Workflow,https://zenn.dev/mizchi/articles/3117b92a834531361fc8
【見やすい資料を！】マークダウンで作成できるGoogleのCodeLabを使ってみた。,https://zenn.dev/reerishun/articles/ac128b86e090195f59cd
GitHub Actions で Prettier がバグってないか確認する,https://zenn.dev/sosukesuzuki/articles/753d7ec2d65e154599c3
GitHub で意図せぬ Public Repository 化をお手軽に検知・防止する,https://zenn.dev/serima/articles/935649c37cc2943c6e57
git push -fでやらかした話し,https://zenn.dev/miyazi777/articles/6ac115b552d886c1f6fb
初めてVim Pluginを作った話し,https://zenn.dev/koizuss/articles/f332b08a3ee8c27af144
GitHub Actions で private リポジトリを yarn で依存解決する,https://zenn.dev/mallowlabs/articles/yarn-private-repo-on-github-actions
Re:VIEWとGitHubを使って、技術書合同誌を書いた話（非エンジニア含む）,https://zenn.dev/orange634nty/articles/37a31875e8cc57e3c868
Zenn記事でもレビューしたい！ のでPull Requestごとにプレビューページを作る,https://zenn.dev/kokuyouwind/articles/zenn-heroku-review-app
[Flutter] GitHub 最新スター数ランキングのいま,https://zenn.dev/kurun/articles/76a20bc3ab92bbd4a2ff
Zenn CLI環境をdockerで構築し、Github経由で記事投稿を行う,https://zenn.dev/takapy/articles/2009212336_zenncli-docker
GitHubでフォーク元の変化を取り込む,https://zenn.dev/yui/articles/e90c27846fa17679b7c2
GitHubとHerokuのデフォルトブランチをmasterからmainに変更してみた,https://zenn.dev/hiro_y/articles/b0839b76b9f1f58f7e17
Github Codespaces beta版が開放されたので見てみた,https://zenn.dev/sara_ohtani_mt2/articles/1ba367741eff99ccf99f
.yml ファイルは消したくないけど、一時的に GitHub Actions を無効にする方法,https://zenn.dev/koogawa/articles/45705e67ee724e46166b
【Git】Git LFSを使用したリポジトリが肥大化した場合に使いたい「git lfs prune」,https://zenn.dev/rossam/articles/73d4f14d368caf02fd9a
Draftプルリクエスト作成をターミナルだけで行う（GitHub CLI 1.0）,https://zenn.dev/uta_mory/articles/ada21cdf98fcd988105f
完成しない本,https://zenn.dev/spiegel/articles/20200921-unfinished-book
Zenn の記事を GitHub で管理する,https://zenn.dev/spiegel/articles/using-zenn-with-github
GitHub署名付きでコミットしてかっこつける,https://zenn.dev/appare45/articles/github-commit-sign
Zennの記事をHackMDを使って快適にデプロイする,https://zenn.dev/m_coder/articles/article-zenn-hackmd-collaboration
